course_id,rating,reviewers,date_reviews
aboriginal-education,4.552238805970149,67,2017-03-22
access-control-sscp,4.466666666666667,45,2018-04-19
accounting-analytics,4.395299145299146,468,2016-01-05
accounting-data-analytics-python,3.5,8,2020-01-11
actualizacion-manejo-diabetes-tipo-2,4.845849802371541,253,2019-02-05
addiction-and-the-brain,4.5479452054794525,438,2015-08-09
addiction-treatment,4.924812030075188,133,2020-01-18
advanced-valuation-and-strategy,4.572192513368984,187,2018-09-20
agile-atlassian-jira,4.663421418636996,719,2018-08-14
ai-for-everyone,4.845112374763065,7386,2019-02-28
ai-for-medical-diagnosis,4.583657587548638,257,2020-04-16
ai-for-medical-prognosis,4.747126436781609,87,2020-04-19
algorithmic-toolbox,4.535564853556485,1912,2016-02-17
american-law,4.835374149659864,735,2015-09-13
analytics-business-metrics,4.5539617486338795,1464,2015-09-06
analytics-excel,3.71267252195734,797,2015-10-17
anatomy403-1x,4.808764940239044,251,2019-01-28
animal-welfare,4.8075,800,2015-11-02
antibiotic-stewardship,4.1891891891891895,37,2018-09-15
anticorrupcion-introduccion,4.851948051948052,385,2019-09-03
applied-data-science-capstone,4.509466437177281,581,2018-09-07
aprendiendo-a-aprender,4.919417475728156,3090,2016-02-05
aprendiendo-programar-python,4.205154639175258,970,2017-07-28
arbitration-international-disputes,4.852941176470588,102,2018-02-08
arts-heritage,4.793478260869565,184,2016-11-18
astro,4.883544303797469,790,2015-08-20
attention-models-in-nlp,3.2857142857142856,21,2020-09-25
aulaconstructivista,4.905096660808436,569,2015-08-10
autism-spectrum-disorder,4.634854771784233,482,2015-12-18
autodesk-autocad-design-drafting,4.728971962616822,321,2019-12-27
autodesk-revit-architectural-design,4.672897196261682,107,2020-01-31
aws-fundamentals-addressing-security-risk,4.162698412698413,252,2019-08-08
aws-fundamentals-going-cloud-native,4.680155210643015,1804,2018-11-18
aws-machine-learning,4.413344887348353,1154,2019-09-22
basic-statistics,4.589435774309724,833,2016-01-05
batch-data-pipelines-gcp,4.255813953488372,129,2020-01-14
bayesian-statistics,4.4484375,640,2016-07-07
bcg-uva-darden-digital-transformation,4.7994296577946765,1052,2018-02-28
becoming-a-veterinarian,4.762755102040816,392,2015-08-15
beyond-the-sustainable-development-goals-addressing-sustainability-and-development,4.672413793103448,58,2020-04-24
big-data-essentials,3.484126984126984,126,2017-10-18
big-data-introduction,4.567393458870169,2018,2016-06-15
big-history,4.786096256684492,374,2015-10-13
biohacking-your-brains-health,4.70042194092827,237,2018-08-19
bioinformatics,4.061889250814332,307,2016-03-29
blockchain-basics,4.503150315031503,1111,2018-06-01
bootstrap-4,4.813981762917933,1645,2017-07-01
brand,4.8964252978918426,1091,2018-03-22
bugs-101,4.962962962962963,297,2019-07-12
build-a-computer,4.888130968622101,733,2016-02-19
building-modern-python-applications-on-aws,5.0,1,2020-10-01
business,4.877737226277373,1096,2016-05-15
business-english-intro,4.801047120418848,573,2016-02-10
business-model,4.734939759036145,83,2016-05-12
business-transformation-google-cloud,4.718232044198895,181,2019-04-20
c-for-everyone,4.546318289786223,842,2019-11-10
c-plus-plus-white,4.729651162790698,344,2017-06-06
camino-excelencia-gestion-proyectos,4.564367816091954,1740,2016-10-02
cancer,4.803427419354839,992,2016-04-11
careerdevelopment,4.865221808330511,2953,2016-10-10
cats-and-dogs,4.769953051643192,426,2017-04-23
challenging-forensic-science,4.850746268656716,67,2019-01-02
change-management,4.3090909090909095,55,2019-10-30
chemicals-health,4.790816326530612,196,2016-07-09
child-development,4.636363636363637,44,2017-08-18
childnutrition,4.770538243626063,2118,2015-08-07
childrens-rights,4.627976190476191,336,2017-01-08
ciencia-computacao-python-conceitos,4.86892177589852,1419,2016-11-17
classical-sociological-theory,4.867961165048544,515,2015-08-17
classification-vector-spaces-in-nlp,4.402439024390244,328,2020-06-19
clinical-data-management,4.73992673992674,273,2016-07-08
clinical-research,4.8317460317460315,630,2015-12-02
clinical-terminology,4.815461346633416,401,2016-11-28
clinical-trials,4.736730360934183,471,2016-03-12
clinicalsimulations,4.8164556962025316,158,2019-07-13
cloud-azure-intro,4.285714285714286,63,2020-04-20
cloud-infrastructure-design-process,4.653916211293261,549,2017-12-17
communication-strategies-virtual-age,4.847319347319347,858,2018-08-28
community-organizing,4.53125,32,2020-04-25
company-future-management,4.842298288508557,818,2016-01-25
competencias-digitales-ofimatica,4.7855855855855856,1110,2019-07-02
competencias-lab,4.310344827586207,87,2017-05-04
computational-neuroscience,4.53932584269663,178,2016-10-03
computational-thinking-problem-solving,4.625482625482626,259,2018-10-24
computer-networking,4.628921670475795,4813,2018-01-25
construction-project-management,4.753846153846154,845,2016-09-29
contabilidad,4.763168316831683,2525,2016-11-24
contact-tracing-for-covid-19,4.796610169491525,118,2020-06-29
containerized-apps-on-aws,4.318181818181818,44,2020-05-15
contemporary-art,4.7534246575342465,292,2019-12-12
content-marketing,4.4655172413793105,812,2017-02-06
contracts-1,4.852941176470588,102,2019-01-31
contrats,4.843971631205674,141,2016-04-09
conversational-experiences-dialogflow,4.2314410480349345,229,2018-12-26
convolutional-neural-networks,3.8553750966744005,1293,2017-11-03
convolutional-neural-networks-tensorflow,4.469640644361834,807,2019-04-21
corp-sustainability,4.633333333333334,90,2018-04-16
corporate-commercial-law-part1,4.842592592592593,108,2018-07-04
corporate-finance-essentials,4.855652173913043,575,2016-02-08
corporatestrategy,4.875,144,2017-12-29
correccion-estilo-variaciones,4.736413043478261,368,2016-01-19
countering-terror-violent-extremism,4.84,25,2020-01-21
covid-19-contact-tracing-for-nursing-professionals,4.428571428571429,7,2020-08-23
covid-19-what-you-need-to-know,4.838901262063845,1347,2020-03-27
craft-of-plot,4.648854961832061,1048,2016-02-07
crash-course-in-causality,4.619565217391305,92,2017-07-01
creative-problem-solving,4.456140350877193,513,2015-10-11
creative-thinking-techniques-and-tools-for-success,4.746987951807229,664,2020-02-19
crypto,4.78486646884273,674,2016-02-16
cs-fundamentals-1,4.608355091383812,383,2019-03-05
cs-fundamentals-2,4.670103092783505,97,2019-04-07
cultural-competence-aboriginal-sydney,4.75,44,2017-05-10
curanderismo-plants,1.0,6,2019-10-02
customer-segmentation-prospecting,4.722222222222222,162,2018-06-18
cybersecurity-compliance-framework-system-administration,4.511363636363637,176,2019-11-07
cybersecurity-roles-processes-operating-system-security,4.406976744186046,344,2019-07-19
data-analysis-with-python,4.43194925028835,1734,2018-05-11
data-analytics-for-lean-six-sigma,4.87481590574374,679,2017-02-24
data-lakes-data-warehouses-gcp,4.604444444444445,225,2020-01-03
data-management,4.6875,128,2016-03-01
data-science-k-means-clustering-python,4.6,80,2019-06-04
data-science-methodology,4.338389731621937,1714,2018-04-20
data-scientists-tools,4.4799070076386585,6022,2015-12-01
data-visualization-tableau,4.304393305439331,956,2016-08-24
database-management,4.479629629629629,540,2015-09-23
datasciencemathskills,4.449943117178612,1758,2017-01-15
decision-making,4.5073995771670194,946,2016-08-24
deep-neural-network,4.801784266017843,6165,2017-08-12
democracia,4.860091743119266,436,2015-10-21
dental-medicine-penn,4.8530805687203795,211,2016-05-31
dentistry101,4.84375,32,2019-03-22
dermatology,4.077922077922078,77,2019-05-13
design-strategy,4.622222222222222,135,2018-06-12
develop-your-musicianship,4.84789644012945,309,2016-05-30
devops-culture-and-mindset,4.8108108108108105,74,2018-12-31
digital-advertising-landscape,4.488888888888889,45,2020-01-14
digital-business-models,4.495412844036697,109,2017-01-15
dino101,4.9221476510067115,745,2016-09-18
discrete-optimization,4.833333333333333,120,2016-10-16
diversity-inclusion-workplace,4.658333333333333,120,2017-04-13
django-database-web-apps,4.628787878787879,132,2020-07-21
dog-emotion-and-cognition,4.661259541984733,1048,2015-08-12
droits-de-lhomme,4.858173076923077,416,2016-03-24
drug-commercialization,4.6092715231788075,151,2017-01-01
drug-development,4.520766773162939,313,2016-11-13
drug-discovery,4.580310880829016,386,2016-10-29
ds,4.0,355,2017-02-10
duke-behavioral-finance,4.124386252045826,611,2016-08-02
duke-programming-web,4.533483146067415,2225,2015-09-17
dyslexia-difficulties,4.747282608695652,368,2015-09-03
ecology-conservation,4.852362204724409,508,2018-04-17
effective-compliance-programs,4.90566037735849,53,2019-04-13
einstein-relativity,4.899135446685879,694,2016-09-24
elearning,4.542168674698795,83,2016-11-17
electricity,4.682926829268292,164,2017-07-14
electronics,4.671309192200557,359,2016-05-31
embedded-software-hardware,4.368421052631579,57,2018-11-18
emt-foundations,4.844262295081967,122,2019-01-24
enfant-developpement,4.91588785046729,107,2019-10-05
engineering-health-yoga-physiology,4.701298701298701,77,2019-10-07
engineering-mechanics-statics,4.764383561643836,730,2015-08-14
english-composition,4.569832402234637,179,2016-05-26
english-principles,4.91411501120239,2678,2015-10-12
enlinea,4.896551724137931,58,2020-08-31
enterprise-architecture,4.545454545454546,33,2020-01-10
entrepreneur-changement,4.745762711864407,177,2015-09-05
entrepreneurship-strategy,1.0,6,2019-05-01
entreprise-changement-climatique,5.0,2,2020-09-30
environmental-law,4.871892925430211,523,2015-08-17
epidemic-pandemic-outbreak,4.737179487179487,468,2015-09-26
epidemiology,4.6520710059171595,845,2015-08-08
epidemiology-tools,4.635371179039302,458,2020-01-13
epigenetics,1.0,6,2016-03-22
equine,4.892857142857143,56,2018-07-24
erasmus-econometrics,4.465,200,2015-11-03
essentials-global-health,4.857651245551601,281,2016-12-05
estrategia-marketing-digital,4.709976798143852,431,2018-04-02
etudier-en-france,4.845121951219512,820,2016-12-09
european-law-fundamentals,4.709219858156028,141,2016-01-16
everyday-chinese-medicine,4.709302325581396,172,2017-09-26
everyday-excel-part-1,4.755775577557756,303,2020-04-07
everyday-excel-part-2,4.95,40,2020-05-12
everyday-parenting,4.929530201342282,596,2017-08-17
excel-advanced,4.6825,800,2018-01-04
excel-aplicado-negocios-avanzado,4.719626168224299,642,2017-11-16
excel-data-analysis,4.675745784695201,1542,2016-09-26
excel-data-analysis-fundamentals,4.587628865979381,97,2020-06-21
excel-essentials,4.888301477565406,7377,2017-11-06
excel-intermediate-1,4.8965360072926165,2194,2017-11-09
excel-intermediate-2,4.731417244796829,1009,2017-11-01
excel-para-negocios,4.8064,1250,2016-09-26
excel-vba-for-creative-problem-solving-part-1,4.817808219178082,730,2017-12-31
excellence-operationnelle,4.73469387755102,98,2018-07-06
exploring-renewable-energy,4.790322580645161,62,2020-01-26
exposure-photography,4.727357609710551,1071,2016-02-11
family-planning,4.605263157894737,380,2016-08-08
fashion-design,4.8279773156899815,529,2017-09-30
fe-exam,4.393939393939394,132,2015-09-29
feminism-social-justice,4.818998716302953,779,2019-03-12
finance-for-non-finance,4.814516129032258,372,2016-10-14
finance-for-non-financial-managers,4.130434782608695,69,2017-02-10
finance-fundamentals,3.888888888888889,9,2020-05-25
finance-healthcare-managers,4.252336448598131,107,2018-07-17
financial-engineering-1,4.365196078431373,408,2015-08-08
financial-markets-global,4.811454311454312,3108,2017-07-14
financial-planning,4.414634146341464,82,2017-02-08
finanzas-empresariales,4.898058252427185,1442,2015-10-22
finanzas-personales,4.803474903474903,2590,2015-08-07
finding-purpose-and-meaning-in-life,4.795221843003413,293,2020-04-21
fintechlawandpolicy,4.825688073394495,109,2018-08-06
fondamentaux-negociation,4.863013698630137,73,2018-07-11
food-and-health,4.693655589123867,4965,2016-01-18
food-beverage-management,4.815384615384615,715,2015-09-14
forensic-accounting,4.701030927835052,873,2016-02-03
forensic-science,4.84593023255814,344,2016-06-30
foundations-big-data-analysis-sql,4.8152866242038215,157,2019-06-29
foundations-of-mindfulness,4.82051282051282,39,2020-07-09
front-end-react,4.602787456445993,574,2018-06-14
fundamental-machine-learning-healthcare,4.9,10,2020-09-09
fundamentals-of-graphic-design,4.779751332149201,2815,2015-10-15
fundamentals-of-reinforcement-learning,4.689655172413793,377,2019-07-30
game-development,4.751980982567353,1262,2015-09-07
gamification,4.75,672,2015-11-09
gcp-big-data-ml-fundamentals,4.553171196948021,2097,2017-03-10
gcp-exploring-preparing-data-bigquery,4.4573170731707314,328,2017-11-09
gcp-fundamentals,4.694018534119629,5935,2016-12-21
gcp-infrastructure-core-services,4.650331125827814,755,2017-07-06
gcp-infrastructure-foundation,4.707152496626181,1482,2017-06-30
gcp-infrastructure-scaling-automation,4.581430745814307,657,2017-07-14
gender-sexuality,4.650406504065041,123,2017-06-21
genetics-evolution,4.840304182509506,263,2015-11-29
geopolitics-europe,3.7349397590361444,83,2016-11-06
gestion-organizaciones-efectivas,4.7560975609756095,615,2015-10-07
gestionar-personas,4.84984520123839,646,2016-04-04
gestionempresarialpyme,4.8560090702947845,1764,2015-08-12
getinmooc,4.780898876404494,178,2017-05-19
getting-started-with-essay-writing,4.673352435530086,698,2015-10-20
getting-started-with-google-sheets,4.562162162162162,185,2019-11-05
getting-started-with-tensor-flow2,4.882352941176471,51,2020-04-22
gis,4.852253756260434,1198,2016-02-22
global-diplomacy,4.639322916666667,768,2016-04-02
global-diplomacy-un,4.679310344827586,290,2017-06-24
global-energy,4.720125786163522,318,2016-05-09
global-environmental-management,4.657243816254417,283,2016-10-13
global-financial-crisis,4.8557457212713935,409,2015-11-13
global-financial-markets-instruments,4.307984790874524,263,2016-10-20
global-sustainable-development,4.794520547945205,657,2018-02-03
globalenergyandclimatepolicy,4.621359223300971,103,2017-07-03
golang-getting-started,4.404458598726115,314,2018-09-18
golang-webservices-1,4.691489361702128,94,2017-12-30
google-cbrs-cpi-training,4.818181818181818,33,2019-06-07
google-cloud-java-spring,3.94300518134715,193,2019-02-27
google-cloud-product-fundamentals,4.619565217391305,92,2020-03-06
google-kubernetes-engine,4.245696400625978,639,2017-11-27
google-machine-learning,4.487019730010384,963,2018-03-03
grammar-punctuation,4.75310008857396,4516,2015-09-04
gte-sustainable-cities,4.59463986599665,597,2016-01-22
guitar,4.726591760299626,534,2015-08-10
healing-with-the-arts,4.716814159292035,226,2017-03-02
health-behavior-change,4.925925925925926,27,2020-04-22
healthcarejobs,4.2727272727272725,11,2016-08-11
high-stakes-leadership,4.777777777777778,27,2020-06-20
horse-care,4.907407407407407,270,2015-12-23
how-things-work,4.808064516129032,620,2015-08-08
html,3.9888089528377297,1251,2015-09-06
html-css-javascript-for-web-developers,4.758631512868801,3186,2016-02-16
human-language,4.666666666666667,483,2016-05-09
human-needs,4.431095406360424,283,2017-04-07
humanrights,4.767123287671233,73,2016-12-13
ibm-customer-engagement-specialist,4.811111111111111,180,2018-10-27
ibm-penetration-testing-incident-response-forensics,4.435294117647059,85,2020-06-13
iiot-google-cloud-platform,4.5316239316239315,585,2019-02-03
immunologyfundamentalsimmunitybcells,4.758620689655173,203,2019-02-06
indigenous-canada,4.816438356164384,1460,2017-04-09
industrial-biotech,4.587743732590529,359,2017-07-27
information-security-data,4.65406976744186,344,2017-02-15
information-systems-audit,4.700440528634362,227,2020-02-09
infrastructure-investing,4.842696629213483,356,2016-07-12
initiating-planning,4.764331210191083,471,2017-06-18
innovation-management,4.636075949367089,316,2016-04-23
innovation-through-design,4.757894736842105,95,2018-07-11
instructional-design-foundations-applications,3.860215053763441,93,2019-01-14
intercultural,4.444444444444445,63,2017-05-23
international-criminal-law,4.835548172757475,602,2015-08-07
international-humanitarian-law,4.842931937172775,191,2018-11-28
international-law-in-action,4.751412429378531,177,2016-01-20
international-migrations,4.316666666666666,60,2018-02-21
international-organizations-management,4.801418439716312,282,2018-05-21
international-relations-theory,4.59433962264151,106,2018-03-16
international-security-management,4.658227848101266,79,2020-02-17
international-taxation,4.854460093896714,213,2015-11-20
intro-accounting-data-analytics-visual,4.883720930232558,43,2019-08-28
intro-business-analytics,4.563106796116505,103,2018-12-11
intro-chemistry,4.825842696629214,178,2016-08-29
intro-common-law,4.8392156862745095,255,2018-10-12
intro-data-science-programacion-estadistica-r,4.732971165900543,2393,2016-03-02
intro-economic-theories,4.136363636363637,44,2017-08-16
intro-programming,4.800595238095238,672,2015-08-13
intro-self-driving-cars,4.647590361445783,332,2019-02-04
intro-sql,4.739130434782608,713,2017-10-25
intro-to-healthcare,4.0,6,2020-09-09
introancientegypt,4.616487455197133,558,2016-11-01
introclassicalmusic,4.909090909090909,792,2015-12-16
introcss,4.790759075907591,1515,2015-10-19
introduction-blockchain-technologies,4.711920529801325,302,2019-03-26
introduction-cybersecurity-cyber-attacks,4.274461028192372,1206,2019-07-19
introduction-embedded-systems,4.275229357798165,109,2017-05-31
introduction-g-suite,4.619596541786744,347,2019-07-26
introduction-genomics,4.477894736842106,475,2016-01-27
introduction-git-github,4.791848617176128,687,2020-01-22
introduction-intellectual-property,4.753086419753086,81,2019-07-02
introduction-portfolio-construction-python,4.769230769230769,195,2019-10-20
introduction-programming-unity,4.672544080604534,397,2018-01-26
introduction-psych,4.8815566835871405,1182,2016-10-20
introduction-psychology,4.852736318407961,3015,2018-11-21
introduction-statistics-data-analysis-public-health,4.67515923566879,157,2019-02-28
introduction-tensorflow,4.650616332819722,2596,2019-03-07
introduction-to-ai,4.737288135593221,1298,2019-06-28
introduction-to-calculus,4.878402903811252,551,2018-12-28
introduction-to-cloud,4.819277108433735,83,2020-04-25
introduction-to-computer-programming,3.920289855072464,138,2018-10-04
introduction-to-computers-and-office-productivity-software,4.6,35,2020-07-20
introduction-to-data-analytics,4.777777777777778,18,2020-09-18
introduction-to-software-product-management,4.548746518105849,1077,2015-10-05
introduction-trading-machine-learning-gcp,3.463768115942029,138,2019-12-20
introtoux-principles-and-processes,4.7591623036649215,191,2018-12-12
investment-management,4.488188976377953,127,2016-04-14
it-security,4.763485477178423,1446,2018-01-28
japanese-1,3.611111111111111,36,2020-05-18
java-programming,4.435828877005347,1122,2015-10-16
journalism,4.819536423841059,604,2016-08-15
kotlin-for-java-developers,4.557632398753894,321,2018-10-25
law-student,4.680412371134021,291,2015-11-10
leadership-21st-century,4.745762711864407,236,2015-10-03
leading-for-equity-diversity-inclusion,4.7105263157894735,38,2017-08-18
learn-chinese,4.796844181459566,3549,2015-08-07
learn-korean,4.869848156182212,5993,2016-02-09
learn-speak-korean1,4.896234309623431,1195,2016-07-27
learn-to-program,4.734966592427617,1347,2016-09-29
learning-how-to-learn,4.801196192401651,11871,2015-08-07
legal-tech-startups,4.386363636363637,44,2017-09-22
legaltech,4.968,125,2020-05-14
linear-algebra-machine-learning,4.57273280584297,1643,2018-03-08
love-social-justice,4.712328767123288,73,2017-10-02
machine-learning,4.739922694643843,12677,2015-08-07
machine-learning-business-professionals,4.574370709382151,874,2019-04-19
machine-learning-duke,4.655813953488372,215,2018-09-19
machine-learning-projects,4.7074718526100305,4885,2017-08-11
machine-learning-with-python,4.492443324937028,1588,2018-08-21
mafash,4.7112970711297075,956,2015-08-14
magic-middle-ages,4.54353562005277,379,2016-08-07
making-architecture,4.823275862068965,232,2016-10-05
manage-health-covid-19,4.818545697131421,1499,2020-03-28
managing-as-a-coach,4.73404255319149,282,2016-02-12
managing-human-resources,4.835942818243703,1469,2016-02-12
marketing-digital,4.725449335764522,3839,2015-08-07
marketing-gerencial,4.722745625841184,743,2016-10-10
mastering-final-cut-pro,4.45945945945946,37,2020-02-25
mathematical-thinking,4.786036036036036,444,2017-01-11
mathematics-and-python,4.627403846153846,832,2016-02-09
matlab,4.811858974358974,3120,2016-04-30
mcmc-bayesian-statistics,4.757009345794392,107,2017-06-07
medical-neuroscience,4.904135338345864,532,2016-06-06
medical-research,4.925093632958801,267,2020-04-29
memoir-reader-relationship,4.258620689655173,58,2019-01-09
mental-health,4.614457831325301,83,2016-10-01
microbiome,4.7370517928286855,251,2015-08-09
microeconomics,4.8293333333333335,375,2016-06-21
mindshift,4.842684268426843,2727,2017-04-13
ml-foundations,4.487741456166419,2692,2015-09-23
model-thinking,4.772251308900524,382,2015-10-07
modern-art-ideas,4.780016792611251,1191,2015-09-03
modern-world,4.815175097276264,514,2015-08-28
modern-world-2,4.793103448275862,290,2015-09-02
money-banking,4.887719298245614,285,2016-09-18
moral-politics,4.871060171919771,698,2015-08-14
moralities,4.840909090909091,572,2016-07-25
motivate-people-teams,4.828644501278772,782,2015-09-15
multivariate-calculus-machine-learning,4.642241379310345,696,2018-03-12
music-business-foundations,4.856209150326797,459,2015-09-17
music-theory,4.263736263736264,182,2017-02-03
mythology,4.775743707093821,437,2016-02-26
nand2tetris2,4.956989247311828,93,2017-02-02
nanotechnology,4.84,450,2017-10-13
natural-language-processing-tensorflow,4.254062038404727,677,2019-06-20
negociacion,4.818181818181818,715,2015-08-10
negotiation,4.883429672447013,1038,2015-08-07
negotiation-skills,4.805507145346811,2869,2015-08-07
neural-networks-deep-learning,4.77123332248617,12292,2017-08-09
neurobiology,4.897435897435898,507,2016-10-09
neuroeconomics,4.612903225806452,279,2015-10-21
neuromarketing,4.648648648648648,518,2016-10-05
neuroscience-neuroimaging,4.639498432601881,319,2017-11-29
nlp-sequence-models,4.633866481223922,2876,2018-02-01
norms,4.6061381074168795,391,2016-06-23
nutricion-obesidad-sobrepeso,4.789231779382797,1523,2019-01-04
nutrition-pregnancy,4.763440860215054,465,2017-04-15
object-oriented-design,4.542553191489362,282,2017-09-22
object-oriented-java,4.66890756302521,1190,2015-09-15
oilandgas,4.823214285714286,1120,2016-01-07
open-source-tools-for-data-science,4.012816072047108,2887,2018-07-07
oralcavity,4.923913043478261,92,2017-09-27
organizational-behavior,4.826086956521739,460,2015-11-06
os-power-user,4.503410641200546,2199,2018-01-25
painting,4.921739130434783,460,2017-03-23
pap,4.870596959584724,2697,2015-10-07
pca-machine-learning,3.4482758620689653,522,2018-03-14
people-management,4.6328125,512,2016-08-17
perfect-tenses-modals,4.807162534435261,726,2016-06-19
personal-branding,4.447368421052632,1976,2015-11-09
philosophy,4.698874917273329,1511,2015-08-07
philosophy-cognitive-sciences,4.552511415525114,219,2016-09-19
photography,4.77599142550911,933,2016-02-10
physiology,4.780250347705146,719,2015-08-07
plantknows,4.825958702064897,339,2016-09-15
plato,4.052631578947368,76,2016-03-08
positive-psychiatry,4.819012797074954,547,2017-08-03
positive-psychology,4.659316427783903,907,2015-08-14
positive-psychology-applications,4.741206030150754,398,2017-04-13
positive-psychology-resilience,4.886409736308316,493,2017-04-23
positive-psychology-visionary-science,4.86144578313253,1328,2017-04-02
powerpoint-presentations,4.575949367088608,158,2017-03-29
practical-time-series-analysis,4.461290322580645,310,2018-01-16
preparing-cloud-associate-cloud-engineer-exam,4.53784860557769,251,2019-06-19
preparing-cloud-professional-cloud-architect-exam,4.443037974683544,158,2019-01-10
principles-of-macroeconomics,4.619047619047619,504,2015-08-08
principles-of-microeconomics,4.62962962962963,270,2015-08-14
privacy-law-data-protection,4.78125,64,2019-04-18
private-equity,4.762250453720508,1102,2015-10-14
probabilistic-models-in-nlp,4.555555555555555,99,2020-06-27
probability-intro,4.599605522682446,1014,2016-04-13
probability-statistics,4.669642857142857,336,2018-09-03
process-mining,4.68,200,2016-04-24
producing-music,4.82830626450116,431,2016-06-05
professional-emails-english,4.801294498381877,3090,2016-02-13
progfun1,4.719163763066202,1435,2016-05-24
programming-fundamentals,4.643485211830535,1251,2017-11-28
programming-languages,4.918575063613232,393,2016-08-09
project-execution,3.7222222222222223,18,2017-12-21
project-management,4.361111111111111,36,2017-10-13
project-planning,4.714285714285714,2961,2015-08-07
project-planning-1,4.35,20,2017-10-19
project-risk-management,4.774352651048089,811,2015-08-17
psychological-first-aid,4.841421736158578,2926,2016-01-13
public-policy,4.5661764705882355,272,2015-08-12
public-speaking,4.812807881773399,406,2016-11-08
python,4.583672665177985,15226,2015-09-15
python-basics,4.794927853082641,2287,2018-12-14
python-crash-course,4.7251624883936865,3231,2020-01-17
python-data,4.849851164419541,11422,2015-09-03
python-data-analysis,4.234324104234528,4912,2016-10-27
python-data-visualization,4.508108108108108,1295,2016-04-06
python-databases,4.7011922503725785,2684,2015-12-14
python-for-applied-data-science-ai,4.291478260869566,2875,2018-06-06
python-for-data-visualization,4.045252883762201,1127,2018-06-16
python-functions-files-dictionaries,4.805607476635514,535,2018-12-24
python-machine-learning,4.488471391972673,1171,2017-06-01
python-network-data,4.714109483423284,6485,2015-10-27
python-operating-system,4.55049504950495,505,2020-01-18
python-osnovy-programmirovaniya,4.293893129770993,524,2017-05-26
python-plotting,4.339160839160839,858,2017-03-17
python-programming-introduction,4.661498708010336,1161,2016-09-18
python-statistics-financial-analysis,4.270022883295194,437,2019-01-08
quality-healthcare,4.78494623655914,186,2016-07-06
quantitative-methods,4.7132743362831855,565,2015-09-02
quantum-computing-algorithms,3.2045454545454546,44,2019-03-05
r-programming,4.245404868355688,4026,2015-12-06
race-cultural-diversity-american-life,4.510204081632653,98,2018-02-08
recruiting-hiring-onboarding-employees,3.84375,192,2016-03-30
refugees-21st-century,4.816666666666666,60,2020-02-14
remote-team-management,5.0,5,2020-09-23
removing-barriers-to-change,5.0,8,2020-07-26
renewable-energy-entrepreneurship,4.714652956298201,389,2017-07-04
reporting-extra-financier-strategie-rse,4.6415094339622645,53,2017-07-01
research-methods,4.579588728103579,1313,2015-08-12
reussir-le-changement,4.394009216589862,434,2016-03-04
revisao-sistematica,4.9211087420042645,469,2020-04-04
role-of-advertising,4.805369127516778,149,2016-11-04
roman-architecture,4.850393700787402,127,2017-04-12
sample-based-learning-methods,4.449664429530201,149,2019-09-03
sas-programming-basics,4.8808777429467085,319,2018-11-12
schedule-projects,4.7305524239007894,887,2015-08-07
schizophrenia,4.7040358744394615,223,2017-10-20
science-exercise,4.836016096579477,994,2017-06-22
sciwrite,4.919129082426127,1286,2017-09-17
sdgbusiness,4.907216494845361,97,2019-07-13
search-engine-optimization,4.585099939430648,1651,2016-02-09
self-determination-theory,4.921052631578948,76,2019-03-13
seo-fundamentals,4.719745222929936,471,2016-04-01
sequence-models-in-nlp,3.967741935483871,62,2020-07-29
site-reliability-engineering-slos,4.163265306122449,147,2019-02-15
six-sigma-organization-advanced,4.711822660098522,406,2017-09-11
six-sigma-principles,4.529531568228106,982,2017-07-24
sleep,4.694444444444445,72,2017-12-10
smart-cities,4.594594594594595,222,2017-02-28
social-economic-networks,1.0,6,2018-10-27
social-impact,4.855263157894737,228,2016-10-09
social-innovation,4.241379310344827,58,2016-09-26
social-media-marketing-introduction,4.8125,48,2020-09-18
social-psychology,4.83453237410072,1251,2018-10-28
social-work-practice-advocating-social-justice-and-change,4.8,5,2020-09-10
software-processes-and-agile-practices,4.6747352496217855,661,2015-10-28
solar-energy-basics,4.767726161369193,409,2019-06-25
songwriting-lyrics,4.75,176,2016-08-09
spanish-in-healthcare-settings,4.0,6,2019-04-23
spanish-vocabulary-meeting-people,4.518828451882845,478,2017-02-19
speak-english-professionally,4.749771689497717,2190,2016-03-14
spectroscopy,4.607843137254902,408,2017-06-14
sports-marketing,4.699074074074074,216,2018-12-09
sports-society,4.87962962962963,216,2016-01-21
sql-data-science,4.38131122833459,1327,2018-06-18
sql-for-data-science,4.494867639113992,1851,2017-11-17
statistical-inferences,4.887179487179488,195,2016-10-17
stem-cells,4.734177215189874,316,2018-05-07
stochasticprocesses,4.168674698795181,83,2018-05-02
strategic-business-management-microeconomics,4.75,28,2018-01-24
strategic-management,4.785333333333333,750,2015-09-04
success,4.848101265822785,553,2017-04-13
summary-statistics,4.793991416309013,233,2019-01-23
supply-chain-logistics,4.710656316160903,1417,2016-09-04
supply-chain-principles,4.561933534743202,331,2017-04-25
sustainability,4.769771528998243,569,2015-08-29
sustainable-fashion,4.841269841269841,126,2019-12-05
sustainable-finance,4.833333333333333,48,2020-05-18
sustainable-tourism,4.5041322314049586,242,2018-02-17
system-administration-it-infrastructure-services,4.657158529895776,1823,2018-01-25
systematic-review,4.774250440917108,567,2016-03-22
systems-engineering,4.7317073170731705,82,2016-04-26
systems-thinking,4.513888888888889,144,2016-03-07
teach-online,4.786637931034483,928,2016-10-13
teachlanguageonline,4.544303797468355,79,2019-05-30
teamwork-skills-effective-communication,4.772954924874791,599,2017-07-31
technical-support-fundamentals,4.76748237245956,12055,2018-01-16
technology-of-music-production,4.851063829787234,235,2016-07-12
tensorflow-sequences-time-series-and-prediction,4.453815261044177,498,2019-07-31
terrorism,4.752508361204013,598,2015-08-07
the-business-of-product-management-one,4.6,5,2020-09-15
the-cycle,4.861111111111111,108,2017-01-08
the-science-of-well-being,4.929503597999756,8199,2018-03-29
theropods-birds,4.907407407407407,324,2016-01-30
transformation-global-food-system,4.830985915492958,71,2020-05-18
transmedia-storytelling,4.715976331360947,169,2016-10-28
tricky-american-english-pronunciation,4.740924092409241,606,2017-04-01
troubles-spectre-autisme-diagnostic,4.872340425531915,94,2020-01-03
troubleshooting-debugging-techniques,4.189944134078212,179,2020-01-21
trunk-anatomy,4.802631578947368,228,2018-02-28
truthinourbones-osteoarchaeology-archaeology,4.580645161290323,124,2016-10-08
typography,4.762962962962963,810,2016-03-14
understanding-arguments,4.5969125214408235,583,2016-08-08
understanding-financial-markets,4.703271028037383,856,2016-02-13
understanding-visualization-data,4.542207792207792,308,2018-12-31
uol-machine-learning-for-all,4.675814751286449,583,2019-12-09
upravleniya-proektami-agile-scrum,4.7272727272727275,44,2019-02-19
user-experience-design,4.4774774774774775,777,2016-07-26
uva-darden-agile-team-management,4.65625,192,2016-05-01
uva-darden-agile-testing,4.5,106,2016-07-02
uva-darden-bcg-pricing-strategy-cost-economics,4.810344827586207,116,2017-04-24
uva-darden-continous-delivery-devops,4.548523206751055,237,2018-11-03
uva-darden-design-thinking-innovation,4.667032364234778,1823,2015-10-27
uva-darden-design-thinking-social-sector,4.583333333333333,84,2017-12-06
uva-darden-digital-product-management,4.727395411605938,741,2017-05-01
uva-darden-financial-accounting,4.837772397094431,413,2017-04-21
uva-darden-foundations-business-strategy,4.795154185022026,454,2015-09-29
uva-darden-getting-started-agile,4.750390015600624,641,2016-02-21
uva-darden-managerial-accounting,4.87012987012987,77,2018-03-29
uva-darden-market-analytics,4.660468319559229,1452,2015-11-11
uva-darden-project-management,4.764134275618375,1132,2015-11-04
ux-design-fundamentals,4.767068273092369,249,2018-11-14
ux-ui-design-de-interface,4.341269841269841,126,2018-04-04
verb-passives,4.736363636363636,330,2016-10-06
version-control-with-git,4.747323340471092,467,2018-02-02
visual-elements-user-interface-design,4.6,760,2018-09-29
vital-signs,4.826943005181347,965,2016-03-02
vlsi-cad-logic,4.723684210526316,76,2017-07-16
web-development,4.65335463258786,626,2016-09-28
weight-management-beyond-balancing-calories,4.73936170212766,188,2019-03-19
wharton-accounting,4.755240027045301,1479,2015-11-04
wharton-communication-skills,4.7,360,2017-04-15
wharton-contagious-viral-marketing,4.7544128933231,1303,2015-11-29
wharton-cryptocurrency-blockchain-introduction-digital-currency,4.484615384615385,130,2019-06-16
wharton-customer-analytics,4.451518119490696,2042,2015-09-18
wharton-entrepreneurship-opportunity,4.77906976744186,688,2016-02-10
wharton-finance,4.437118437118437,819,2015-11-09
wharton-financial-accounting,4.810526315789474,95,2016-02-13
wharton-fintech-overview-payments-regulations,4.57037037037037,270,2019-06-05
wharton-introduction-spreadsheets-models,3.6188811188811187,572,2016-03-12
wharton-launching-startup,4.778761061946903,226,2016-03-17
wharton-marketing,4.746014877789586,1882,2015-11-05
wharton-operations,4.297008547008547,468,2015-12-02
wharton-operations-analytics,4.660240963855422,830,2015-11-02
wharton-people-analytics,4.511758118701008,893,2015-12-09
wharton-quantitative-modeling,4.537007874015748,1270,2016-02-09
wharton-success,4.902985074626866,268,2016-09-11
what-is-a-proof,4.246458923512748,353,2017-09-18
what-is-compliance,4.798319327731092,119,2019-04-10
what-is-datascience,4.622820062187373,7397,2018-03-28
what-is-social,4.5860517435320585,889,2015-09-17
wind-energy,4.717252396166134,1252,2016-03-03
wine,4.490384615384615,104,2017-01-18
womens-health-human-rights,4.884297520661157,242,2017-07-12
write-a-feature-length-screenplay-for-film-or-television,4.625,32,2020-04-15
write-your-first-novel,3.85,20,2020-03-02
writing-editing-words,4.742857142857143,105,2020-05-25
writing-for-business,4.818742293464858,811,2016-08-07
